{
  "accuracy": [
    0.6030585169792175, 0.8591222763061523, 0.9119709730148315,
    0.9398961663246155, 0.9549754858016968, 0.9636958241462708,
    0.9708371758460999, 0.9756028056144714, 0.9794579744338989,
    0.9822604656219482
  ],
  "loss": [
    1.3509199619293213, 0.4442940950393677, 0.2669854164123535,
    0.18245269358158112, 0.1372624635696411, 0.10852246731519699,
    0.09055999666452408, 0.07426276057958603, 0.06262019276618958,
    0.056429922580718994
  ],
  "val_accuracy": [
    0.8549965620040894, 0.901149570941925, 0.9253357648849487,
    0.946790337562561, 0.9463350772857666, 0.9597086310386658,
    0.9639768004417419, 0.9628955125808716, 0.9554973840713501,
    0.9662531018257141
  ],
  "val_loss": [
    0.46647730469703674, 0.3186780512332916, 0.23723094165325165,
    0.17146021127700806, 0.1675831824541092, 0.12373869866132736,
    0.1149078831076622, 0.12252967059612274, 0.15351910889148712,
    0.11664874106645584
  ]
}
