{"accuracy": [0.9302653074264526, 0.9648623466491699, 0.976854681968689, 0.9847357273101807, 0.9886193871498108, 0.990795910358429, 0.9924888014793396, 0.9945657849311829, 0.995077908039093, 0.9957891702651978, 0.996671199798584, 0.9971264004707336, 0.9975247383117676, 0.9975816011428833, 0.9981933236122131, 0.9979656934738159, 0.9982929229736328, 0.9984778165817261, 0.9987338781356812, 0.9992318153381348], "loss": [0.2425379753112793, 0.13291960954666138, 0.09991951286792755, 0.07925667613744736, 0.06635178625583649, 0.0602373406291008, 0.05306537076830864, 0.04779546335339546, 0.0441242940723896, 0.04160800203680992, 0.03875799477100372, 0.03699900582432747, 0.0345037505030632, 0.03312796726822853, 0.03123394399881363, 0.03015507385134697, 0.028452571481466293, 0.027151305228471756, 0.025537727400660515, 0.023898912593722343], "val_accuracy": [0.952595055103302, 0.9596517086029053, 0.9647734761238098, 0.9680742025375366, 0.9709765315055847, 0.9722854495048523, 0.9746755957603455, 0.9746187329292297, 0.9753016233444214, 0.9760414361953735, 0.9762121438980103, 0.977634847164154, 0.9770088791847229, 0.977748692035675, 0.9786023497581482, 0.9778056144714355, 0.9780332446098328, 0.9786592125892639, 0.9787161350250244, 0.9805940985679626], "val_loss": [0.18138620257377625, 0.15354524552822113, 0.13840270042419434, 0.12950457632541656, 0.12347559630870819, 0.11809919029474258, 0.1103743240237236, 0.11069947481155396, 0.10807794332504272, 0.10305068641901016, 0.10408902913331985, 0.09928170591592789, 0.09962059557437897, 0.09658154845237732, 0.09438479691743851, 0.09257384389638901, 0.0929010808467865, 0.08935213088989258, 0.09206239879131317, 0.08384179323911667], "learning_rate": [9.999999747378752e-06, 9.999999747378752e-06, 9.999999747378752e-06, 9.999999747378752e-06, 9.999999747378752e-06, 9.999999747378752e-06, 9.999999747378752e-06, 9.999999747378752e-06, 9.999999747378752e-06, 9.999999747378752e-06, 9.999999747378752e-06, 9.999999747378752e-06, 9.999999747378752e-06, 9.999999747378752e-06, 9.999999747378752e-06, 9.999999747378752e-06, 9.999999747378752e-06, 9.999999747378752e-06, 9.999999747378752e-06, 9.999999747378752e-06]}