{"accuracy": [0.6791379451751709, 0.8461199402809143, 0.8814140558242798, 0.9012731909751892, 0.9127676486968994, 0.9231524467468262, 0.9298385381698608, 0.9362401366233826, 0.9397538900375366, 0.9455437660217285, 0.9490717649459839, 0.9512767791748047, 0.9544064402580261, 0.9564406871795654, 0.9582331776618958, 0.960196316242218, 0.9630841612815857, 0.9644071459770203, 0.9656305313110352, 0.9681627154350281, 0.9674514532089233, 0.9705526828765869, 0.972402036190033, 0.9724588990211487, 0.9731417894363403, 0.9781065583229065, 0.979642927646637, 0.9802546501159668, 0.9821040034294128, 0.9815918803215027, 0.9815918803215027, 0.9831424951553345, 0.9835407733917236, 0.9836546182632446, 0.984209418296814, 0.9843658804893494, 0.985944926738739, 0.9875808954238892, 0.9873106479644775, 0.9880503416061401, 0.9882210493087769, 0.9887189865112305, 0.9881356954574585, 0.9891457557678223, 0.9893591403961182, 0.9892595410346985, 0.9898428320884705, 0.9893733263015747, 0.9895867705345154, 0.9898996949195862], "loss": [1.459637999534607, 0.7867724895477295, 0.638420045375824, 0.5367475748062134, 0.46941810846328735, 0.40882551670074463, 0.36469724774360657, 0.32581400871276855, 0.29855990409851074, 0.2697267532348633, 0.24890464544296265, 0.2315603345632553, 0.21532206237316132, 0.20395860075950623, 0.19236205518245697, 0.18131548166275024, 0.1730196326971054, 0.16632387042045593, 0.15897636115550995, 0.14995740354061127, 0.14783670008182526, 0.14094629883766174, 0.13444624841213226, 0.13059745728969574, 0.1272563934326172, 0.11287209391593933, 0.10674843937158585, 0.104526586830616, 0.09980438649654388, 0.09772291779518127, 0.09701349586248398, 0.09251538664102554, 0.09125805646181107, 0.09032602608203888, 0.08834867924451828, 0.08666003495454788, 0.08173537999391556, 0.07700470834970474, 0.07748047262430191, 0.07485625892877579, 0.07285051047801971, 0.072196364402771, 0.07253697514533997, 0.07054596394300461, 0.06946403533220291, 0.06831581890583038, 0.06734747439622879, 0.06765788048505783, 0.06722617894411087, 0.06674575805664062], "val_accuracy": [0.8827680349349976, 0.9157181978225708, 0.9269860982894897, 0.9320510029792786, 0.9371158480644226, 0.9407580494880676, 0.9413840174674988, 0.9449692964553833, 0.9451969265937805, 0.9466196298599243, 0.9484975934028625, 0.9499772191047668, 0.9484975934028625, 0.9519690275192261, 0.9509446620941162, 0.9516276121139526, 0.9547006487846375, 0.9537332057952881, 0.9532210230827332, 0.9554973840713501, 0.9544160962104797, 0.9549852013587952, 0.9568063020706177, 0.9552697539329529, 0.955895721912384, 0.9593671560287476, 0.9593102931976318, 0.9601069688796997, 0.9592533707618713, 0.9599931836128235, 0.9598793387413025, 0.9601638913154602, 0.9591964483261108, 0.9599931836128235, 0.9601638913154602, 0.959822416305542, 0.9616435170173645, 0.9622126221656799, 0.9605622291564941, 0.9614158868789673, 0.9622126221656799, 0.9614158868789673, 0.9625540375709534, 0.9623264074325562, 0.9627248048782349, 0.9627817273139954, 0.9622695446014404, 0.9630093574523926, 0.9628385901451111, 0.9623833298683167], "val_loss": [0.6863142251968384, 0.548010528087616, 0.4738386571407318, 0.4205486476421356, 0.37428513169288635, 0.3424285054206848, 0.31141674518585205, 0.28815415501594543, 0.2697586119174957, 0.25342831015586853, 0.24068422615528107, 0.229265496134758, 0.2272886037826538, 0.2128460705280304, 0.20816785097122192, 0.20439092814922333, 0.1931651532649994, 0.19107969105243683, 0.19127987325191498, 0.18706393241882324, 0.1829530894756317, 0.18048901855945587, 0.17796723544597626, 0.17924433946609497, 0.1797609031200409, 0.1679551750421524, 0.1677727848291397, 0.16388994455337524, 0.16279733180999756, 0.16245317459106445, 0.16234678030014038, 0.1597450226545334, 0.1594790369272232, 0.15887460112571716, 0.16014069318771362, 0.15940308570861816, 0.15363021194934845, 0.15290036797523499, 0.15501506626605988, 0.1538519561290741, 0.15025293827056885, 0.14988277852535248, 0.1489945650100708, 0.14912980794906616, 0.14995087683200836, 0.14866101741790771, 0.14873558282852173, 0.14780467748641968, 0.1478060930967331, 0.14820055663585663], "learning_rate": [9.999999747378752e-05, 9.999999747378752e-05, 9.999999747378752e-05, 9.999999747378752e-05, 9.999999747378752e-05, 9.999999747378752e-05, 9.999999747378752e-05, 9.999999747378752e-05, 9.999999747378752e-05, 9.999999747378752e-05, 9.999999747378752e-05, 9.999999747378752e-05, 9.999999747378752e-05, 9.999999747378752e-05, 9.999999747378752e-05, 9.999999747378752e-05, 9.999999747378752e-05, 9.999999747378752e-05, 9.999999747378752e-05, 9.999999747378752e-05, 9.999999747378752e-05, 9.999999747378752e-05, 9.999999747378752e-05, 9.999999747378752e-05, 9.999999747378752e-05, 4.999999873689376e-05, 4.999999873689376e-05, 4.999999873689376e-05, 4.999999873689376e-05, 4.999999873689376e-05, 4.999999873689376e-05, 4.999999873689376e-05, 4.999999873689376e-05, 4.999999873689376e-05, 4.999999873689376e-05, 4.999999873689376e-05, 2.499999936844688e-05, 2.499999936844688e-05, 2.499999936844688e-05, 2.499999936844688e-05, 1.249999968422344e-05, 1.249999968422344e-05, 1.249999968422344e-05, 1.249999968422344e-05, 1.249999968422344e-05, 6.24999984211172e-06, 6.24999984211172e-06, 6.24999984211172e-06, 6.24999984211172e-06, 6.24999984211172e-06]}