{
  "accuracy": [
    0.13994565606117249, 0.39900362491607666, 0.51902174949646,
    0.6173007488250732, 0.65625, 0.6788949370384216, 0.739130437374115,
    0.751358687877655, 0.7631340622901917, 0.7744565010070801,
    0.7884963750839233, 0.80298912525177, 0.8215579986572266,
    0.8147644996643066, 0.8084239363670349, 0.8387681245803833,
    0.8523550629615784, 0.8419383764266968, 0.8618659377098083,
    0.8591485619544983, 0.864130437374115, 0.8682065010070801,
    0.8663949370384216, 0.8826992511749268, 0.8718296885490417, 0.875,
    0.8854166865348816, 0.8745471239089966, 0.8917572498321533,
    0.8863224387168884, 0.8722826242446899, 0.8798050880432129,
    0.88451087474823, 0.8958333134651184, 0.895380437374115, 0.9053441882133484,
    0.9026268124580383, 0.9026268124580383, 0.9103260636329651,
    0.9189311861991882, 0.898097813129425, 0.9030796885490417,
    0.9162137508392334, 0.9085144996643066, 0.9107789993286133,
    0.895380437374115, 0.9175724387168884, 0.9067028760910034,
    0.9211956262588501, 0.9103260636329651
  ],
  "loss": [
    3.4002203941345215, 2.336806297302246, 1.8391073942184448,
    1.4791734218597412, 1.279097080230713, 1.1321605443954468,
    0.9733039736747742, 0.9012055397033691, 0.8263752460479736,
    0.7880680561065674, 0.7218093276023865, 0.678579568862915,
    0.6280590295791626, 0.6326952576637268, 0.6096796989440918,
    0.5605872273445129, 0.5031560063362122, 0.523501992225647,
    0.4787551760673523, 0.4586678445339203, 0.4627767503261566,
    0.44474470615386963, 0.4335757791996002, 0.39926809072494507,
    0.4192628860473633, 0.40604808926582336, 0.4162876009941101,
    0.42753517627716064, 0.3529515862464905, 0.37446293234825134,
    0.4305517375469208, 0.3948506712913513, 0.35703590512275696,
    0.33779382705688477, 0.3434613347053528, 0.3116527199745178,
    0.3217698335647583, 0.3337132930755615, 0.2972537875175476,
    0.2916472554206848, 0.3070962727069855, 0.3194797933101654,
    0.28218862414360046, 0.31075769662857056, 0.29484665393829346,
    0.34290754795074463, 0.28350314497947693, 0.30424025654792786,
    0.2769516408443451, 0.2864872217178345
  ],
  "val_accuracy": [
    0.4270833432674408, 0.6215277910232544, 0.71875, 0.7760416865348816,
    0.7829861044883728, 0.8072916865348816, 0.8246527910232544,
    0.8506944179534912, 0.8663194179534912, 0.8611111044883728,
    0.8784722089767456, 0.8958333134651184, 0.8993055820465088,
    0.9027777910232544, 0.8871527910232544, 0.9010416865348816,
    0.9097222089767456, 0.9131944179534912, 0.9184027910232544,
    0.9010416865348816, 0.90625, 0.9114583134651184, 0.921875,
    0.9131944179534912, 0.9253472089767456, 0.9253472089767456,
    0.9305555820465088, 0.9201388955116272, 0.9357638955116272,
    0.9270833134651184, 0.9357638955116272, 0.9375, 0.9340277910232544,
    0.9357638955116272, 0.9340277910232544, 0.9392361044883728,
    0.9392361044883728, 0.9305555820465088, 0.9409722089767456,
    0.9357638955116272, 0.9461805820465088, 0.9305555820465088,
    0.9305555820465088, 0.9305555820465088, 0.9375, 0.9357638955116272,
    0.9444444179534912, 0.9479166865348816, 0.9461805820465088,
    0.9357638955116272
  ],
  "val_loss": [
    2.837378978729248, 2.0816736221313477, 1.5174357891082764,
    1.1157292127609253, 0.8905159831047058, 0.774328887462616,
    0.6558948159217834, 0.584672749042511, 0.5364710688591003,
    0.5051203966140747, 0.46085140109062195, 0.39930689334869385,
    0.38488250970840454, 0.38368508219718933, 0.3915019929409027,
    0.3439720869064331, 0.31720778346061707, 0.29756397008895874,
    0.27333033084869385, 0.2935444712638855, 0.28389909863471985,
    0.2838665246963501, 0.24832333624362946, 0.2702721655368805,
    0.24987438321113586, 0.2522776424884796, 0.22919511795043945,
    0.2628847062587738, 0.23622536659240723, 0.236441507935524,
    0.22553899884223938, 0.23419779539108276, 0.22941939532756805,
    0.2327660769224167, 0.21992945671081543, 0.20692625641822815,
    0.20563644170761108, 0.237623929977417, 0.22049209475517273,
    0.2296796590089798, 0.2040039747953415, 0.2152833193540573,
    0.22685667872428894, 0.23353682458400726, 0.2020825445652008,
    0.2243274301290512, 0.20159299671649933, 0.20615443587303162,
    0.21165339648723602, 0.21319988369941711
  ],
  "learning_rate": [
    9.999999747378752e-5, 9.999999747378752e-5, 9.999999747378752e-5,
    9.999999747378752e-5, 9.999999747378752e-5, 9.999999747378752e-5,
    9.999999747378752e-5, 9.999999747378752e-5, 9.999999747378752e-5,
    9.999999747378752e-5, 9.999999747378752e-5, 9.999999747378752e-5,
    9.999999747378752e-5, 9.999999747378752e-5, 9.999999747378752e-5,
    9.999999747378752e-5, 9.999999747378752e-5, 9.999999747378752e-5,
    9.999999747378752e-5, 9.999999747378752e-5, 9.999999747378752e-5,
    4.999999873689376e-5, 4.999999873689376e-5, 4.999999873689376e-5,
    4.999999873689376e-5, 2.499999936844688e-5, 2.499999936844688e-5,
    2.499999936844688e-5, 2.499999936844688e-5, 1.249999968422344e-5,
    1.249999968422344e-5, 1.249999968422344e-5, 1.249999968422344e-5,
    6.24999984211172e-6, 6.24999984211172e-6, 6.24999984211172e-6,
    6.24999984211172e-6, 6.24999984211172e-6, 6.24999984211172e-6,
    3.12499992105586e-6, 3.12499992105586e-6, 3.12499992105586e-6,
    3.12499992105586e-6, 1.56249996052793e-6, 1.56249996052793e-6,
    1.56249996052793e-6, 1.56249996052793e-6, 1.56249996052793e-6,
    1.56249996052793e-6, 9.999999974752427e-7
  ]
}
